{"cameraMode":{"drawMode":0,"name":"Shaded","section":"Shading Mode"},"sceneLighting":true,"audioPlay":false,"sceneViewState":{"showFog":true,"showMaterialUpdate":false,"showSkybox":true,"showFlares":true,"showImageEffects":true,"showParticleSystems":true},"in2DMode":false,"pivot":{"x":4.2723541259765629,"y":0.8268134593963623,"z":0.0490853413939476},"rotation":{"x":0.09229237586259842,"y":-0.7710767984390259,"z":0.11487896740436554,"w":0.619464635848999},"size":1.207395076751709,"orthographic":false}